t,symbol,high,low,open,close,volume
1613538000000,TSLA,266.6133,254.0033,259.6967,266.05,78176661.0
1613624400000,TSLA,264.8967,258.7567,260.3,262.46,53861094.0
1613710800000,TSLA,265.5966,259.1233,265.0,260.4333,56874765.0
1613970000000,TSLA,256.1667,236.7333,254.2133,238.1667,111790428.0
1614056400000,TSLA,237.87,206.3333,220.71,232.9467,199814007.0
1614142800000,TSLA,248.3333,231.39,237.2833,247.34,110135100.0
1614229200000,TSLA,245.7355,223.5267,242.05,227.4067,117071565.0
1614315600000,TSLA,235.5667,219.8367,233.3333,225.1667,123267519.0
1614574800000,TSLA,290.6667,228.35,230.0367,239.4767,81408606.0
1614661200000,TSLA,240.37,228.3333,239.4267,228.8133,71196474.0
1614747600000,TSLA,233.5667,217.235,229.33,217.7333,90548880.0
1614834000000,TSLA,291.3133,200.0,218.6,207.1467,197758590.0
1614920400000,TSLA,209.2806,179.83,208.6867,199.3167,268137297.0
1615179600000,TSLA,206.7083,186.2633,200.1833,187.6667,155360874.0
1615266000000,TSLA,226.03,198.4033,202.7267,224.5267,202569984.0
1615352400000,TSLA,239.2833,218.3533,233.4333,222.6867,181815615.0
1615438800000,TSLA,234.1667,225.7267,233.1333,233.2,108761676.0
1615525200000,TSLA,231.6267,222.0465,223.3333,231.2433,100751520.0
1615780800000,TSLA,237.7267,228.0133,231.3633,235.98,88269744.0
1615867200000,TSLA,235.9733,223.6667,234.45,225.6267,96587016.0
1615953600000,TSLA,234.5767,217.0033,218.9567,233.9367,121117359.0
1616040000000,TSLA,229.7433,217.3333,228.0967,217.72,100107066.0
1616126400000,TSLA,219.0767,208.2067,215.5333,218.29,128624754.0
1616385600000,TSLA,233.2067,222.9167,228.1967,223.3333,118536663.0
1616472000000,TSLA,225.9333,219.17,225.2567,220.72,91475610.0
1616558400000,TSLA,222.6733,210.0367,222.6367,210.09,101355102.0
1616644800000,TSLA,215.1667,203.1667,204.3333,213.4633,117666018.0
1616731200000,TSLA,214.6067,199.9633,213.9567,206.2367,101505216.0
1616990400000,TSLA,205.4933,198.6733,205.2133,203.7633,85907835.0
1617076800000,TSLA,212.5533,197.0033,200.5833,211.8733,118297077.0
1617163200000,TSLA,224.0,213.7033,215.54,222.6433,99997239.0
1617249600000,TSLA,230.8068,219.8067,229.4567,220.5833,105895134.0
1617595200000,TSLA,236.0533,228.2333,235.9033,230.35,125443290.0
1617681600000,TSLA,232.1833,227.1233,230.1,230.54,84815367.0
1617768000000,TSLA,230.46,222.6133,229.0,223.6567,78927816.0
1617854400000,TSLA,229.85,223.8817,225.7933,227.9333,71472537.0
1617940800000,TSLA,226.99,223.1433,225.9233,225.6733,64311261.0
1618200000000,TSLA,234.9333,227.3633,228.5667,233.9933,87402510.0
1618286400000,TSLA,254.3333,236.8867,237.5667,254.1067,133695849.0
1618372800000,TSLA,260.2633,242.6767,256.9,244.0767,147039441.0
1618459200000,TSLA,247.8967,240.4367,247.7,246.2833,83546550.0
1618545600000,TSLA,249.8033,241.5333,242.8833,246.5933,83938044.0
1618804800000,TSLA,241.8,230.6,239.8667,238.21,118960536.0
1618891200000,TSLA,245.75,236.895,239.14,239.6633,106767639.0
1618977600000,TSLA,248.28,232.6667,234.9233,248.04,93646542.0
1619064000000,TSLA,251.2567,239.3467,247.1667,239.8967,106770765.0
1619150400000,TSLA,245.7867,238.4867,239.9333,243.1333,84641139.0
1619409600000,TSLA,249.7667,244.2018,247.0,246.0667,93114885.0
1619496000000,TSLA,241.3333,234.45,239.32,234.9133,88310985.0
1619582400000,TSLA,236.1667,231.2,232.1367,231.4667,66663141.0
1619668800000,TSLA,234.0833,222.8334,233.17,225.6667,86536347.0
1619755200000,TSLA,238.49,222.0467,222.53,236.48,122276166.0
1620014400000,TSLA,235.3333,226.8333,234.6,228.3,81129429.0
1620100800000,TSLA,227.8155,219.2337,226.3133,224.5333,89200557.0
1620187200000,TSLA,228.4318,222.4467,227.02,223.6467,65705682.0
1620273600000,TSLA,227.0067,216.6667,226.92,221.18,83326827.0
1620360000000,TSLA,230.0,220.0733,221.9333,224.1233,70407516.0
1620619200000,TSLA,221.6833,209.2034,221.6333,209.68,94176972.0
1620705600000,TSLA,209.0333,198.5333,199.7467,205.7333,139511688.0
1620792000000,TSLA,206.8033,195.5883,200.83,196.63,101451138.0
1620878400000,TSLA,202.1533,186.55,200.515,190.5633,132554748.0
1620964800000,TSLA,197.6233,190.1533,194.47,196.58,100101168.0
1621224000000,TSLA,196.5767,187.0667,191.851,192.2767,97166490.0
1621310400000,TSLA,198.75,187.7933,189.3333,192.6233,110488101.0
1621396800000,TSLA,188.7367,182.3267,184.1833,187.82,118240185.0
1621483200000,TSLA,196.2833,190.3567,191.6667,195.5933,92298357.0
1621569600000,TSLA,198.8933,193.3333,198.7033,193.6267,78091785.0
1621828800000,TSLA,204.8267,191.2167,193.8667,202.1467,103674267.0
1621915200000,TSLA,204.6633,198.57,202.4367,201.5633,83991249.0
1622001600000,TSLA,208.7233,200.5,202.52,206.3767,85911915.0
1622088000000,TSLA,210.3767,205.4033,206.7467,210.2833,79111779.0
1622174400000,TSLA,211.8633,207.46,209.5,208.4067,68061054.0
1622520000000,TSLA,211.2667,206.85,209.2667,207.9667,53647170.0
1622606400000,TSLA,207.7867,199.7133,206.71,201.7067,69608337.0
1622692800000,TSLA,201.5167,190.4067,200.6,190.9467,90303444.0
1622779200000,TSLA,200.2033,192.4,193.2367,199.6833,71810688.0
1623038400000,TSLA,203.3333,194.2933,197.275,201.71,67630437.0
1623124800000,TSLA,207.6967,198.5,207.67,201.1967,78160167.0
1623211200000,TSLA,203.93,199.21,200.7233,199.5933,49753698.0
1623297600000,TSLA,205.53,200.1667,201.2933,203.3733,71758818.0
1623384000000,TSLA,204.1867,200.5067,203.41,203.2967,48563409.0
1623643200000,TSLA,208.4967,203.06,204.0767,205.8967,61149450.0
1623729600000,TSLA,205.5967,199.41,205.5633,199.7867,53292435.0
1623816000000,TSLA,202.8333,197.8333,199.1783,201.6233,65562381.0
1623902400000,TSLA,207.1567,200.4467,200.6293,205.5333,67879050.0
1623988800000,TSLA,209.45,203.9333,204.4567,207.77,73666815.0
1624248000000,TSLA,210.4633,202.96,208.16,206.9433,74438223.0
1624334400000,TSLA,209.5231,205.1667,206.0833,207.9033,57468126.0
1624420800000,TSLA,219.068,210.0133,210.6667,218.8567,93297684.0
1624507200000,TSLA,232.54,222.5367,224.9967,226.6067,137947158.0
1624593600000,TSLA,231.27,222.9,229.86,223.9567,97490121.0
1624852800000,TSLA,231.5666,223.44,223.88,229.5733,64864227.0
1624939200000,TSLA,229.17,225.2967,228.2167,226.92,52143939.0
1625025600000,TSLA,230.9367,226.0467,226.59,226.5667,56743986.0
1625112000000,TSLA,229.33,224.2667,227.9733,225.9733,55850466.0
1625198400000,TSLA,233.3333,224.42,226.3267,226.3,81292122.0
1625544000000,TSLA,228.0,217.1334,227.2372,219.86,69651750.0
1625630400000,TSLA,221.9,212.7733,221.4233,214.8833,56359380.0
1625716800000,TSLA,218.1433,206.82,209.4567,217.6033,68222448.0
1625803200000,TSLA,219.6367,214.8967,217.7283,218.9833,53789244.0
1626062400000,TSLA,229.08,220.7203,220.7333,228.5667,77697126.0
1626148800000,TSLA,231.0933,222.0986,228.7733,222.8467,62784276.0
1626235200000,TSLA,226.2033,217.6133,223.5833,217.7933,64923570.0
1626321600000,TSLA,222.0467,212.6267,219.4633,216.8667,60620313.0
1626408000000,TSLA,218.9,214.0667,218.2267,214.74,48752910.0
1626667200000,TSLA,215.7333,207.0967,209.9633,215.4067,63516270.0
1626753600000,TSLA,220.7972,213.5003,217.33,220.1667,46364781.0
1626840000000,TSLA,221.62,216.7634,219.87,218.43,41560014.0
1626926400000,TSLA,220.7233,214.8667,218.8143,216.42,45317181.0
1627012800000,TSLA,216.2667,212.4334,215.4533,214.46,43783932.0
1627272000000,TSLA,222.7333,215.7033,216.99,219.2067,75977118.0
1627358400000,TSLA,222.1667,209.08,221.1333,214.9267,98437011.0
1627444800000,TSLA,218.3233,213.1334,215.665,215.66,47524788.0
1627531200000,TSLA,227.8967,216.2667,216.5967,225.7833,90883911.0
1627617600000,TSLA,232.51,223.0,223.9193,229.0667,88903233.0
1627876800000,TSLA,242.3133,232.8,233.3333,236.5567,100772745.0
1627963200000,TSLA,240.8833,233.67,239.6667,236.58,64860759.0
1628049600000,TSLA,241.6333,236.31,237.0,236.9733,51007941.0
1628136000000,TSLA,240.3166,237.1367,238.6667,238.21,38758911.0
1628222400000,TSLA,238.7767,232.5433,237.3,233.0333,46869147.0
1628481600000,TSLA,239.6767,235.0433,236.7233,237.92,44146047.0
1628568000000,TSLA,238.8633,233.96,237.9967,236.6633,40296915.0
1628654400000,TSLA,238.3933,234.7367,237.57,235.94,29401674.0
1628740800000,TSLA,240.9333,233.1333,235.4467,240.75,53045058.0
1628827200000,TSLA,243.3,238.1133,241.2367,239.0567,50178801.0
1629086400000,TSLA,236.5,225.4667,235.0233,228.7233,69286359.0
1629172800000,TSLA,224.86,216.28,224.22,221.9033,71120637.0
1629259200000,TSLA,231.9233,223.1167,223.2493,229.6633,61035525.0
1629345600000,TSLA,228.85,222.53,226.07,224.49,42940458.0
1629432000000,TSLA,230.71,224.5667,227.6167,226.7533,43925595.0
1629691200000,TSLA,237.3766,226.9168,228.4807,235.4333,60720777.0
1629777600000,TSLA,238.4067,234.2133,236.8933,236.1633,39220863.0
1629864000000,TSLA,238.99,234.6667,235.6767,237.0667,37936686.0
1629950400000,TSLA,238.4667,232.54,236.1033,233.72,39642876.0
1630036800000,TSLA,238.3333,234.0334,235.0,237.3067,41501289.0
1630296000000,TSLA,243.6667,237.5767,238.2383,243.6367,55752660.0
1630382400000,TSLA,246.7967,242.1467,244.3333,245.24,62533908.0
1630468800000,TSLA,247.33,243.7567,244.6933,244.6967,39613005.0
1630555200000,TSLA,246.99,243.5133,244.8333,244.13,38390217.0
1630641600000,TSLA,244.6667,241.4,244.0831,244.5233,45813135.0
1630987200000,TSLA,253.4,246.42,246.6667,250.9733,61112865.0
1631073600000,TSLA,254.8167,246.9244,253.86,251.29,56379108.0
1631160000000,TSLA,254.0333,250.5434,251.1367,251.62,42224193.0
1631246400000,TSLA,254.2033,244.84,253.2,245.4233,45547110.0
1631505600000,TSLA,248.26,236.2833,246.7381,247.6667,69914181.0
1631592000000,TSLA,251.49,245.4667,247.5233,248.1633,56548992.0
1631678400000,TSLA,252.2867,246.12,248.3333,251.9433,46763832.0
1631764800000,TSLA,252.97,249.2033,250.9433,252.33,41770179.0
1631851200000,TSLA,253.68,250.0,252.3833,253.1633,84552528.0
1632110400000,TSLA,247.3333,239.5416,244.8526,243.39,73503156.0
1632196800000,TSLA,248.2466,243.48,244.93,246.46,48359769.0
1632283200000,TSLA,251.2233,246.3733,247.8421,250.6467,45378816.0
1632369600000,TSLA,252.7333,249.3067,251.6667,251.2133,35692581.0
1632456000000,TSLA,258.2667,248.1867,248.63,258.13,63294066.0
1632715200000,TSLA,266.3333,256.4367,257.7067,263.7867,84196821.0
1632801600000,TSLA,265.2133,255.3934,262.4,259.1867,76100166.0
1632888000000,TSLA,264.5,256.8933,259.9333,260.4367,62815731.0
1632974400000,TSLA,263.0435,258.3333,260.3333,258.4933,54639987.0
1633060800000,TSLA,260.26,254.53,259.4667,258.4067,51094242.0
1633320000000,TSLA,268.99,258.7067,265.5,260.51,91450023.0
1633406400000,TSLA,265.77,258.0667,261.5987,260.1967,55297875.0
1633492800000,TSLA,262.22,257.74,258.7333,260.9167,43898304.0
1633579200000,TSLA,268.3333,261.1267,261.82,264.5367,57587346.0
1633665600000,TSLA,265.46,260.3033,265.4033,261.83,51232590.0
1633924800000,TSLA,267.08,261.8333,262.55,263.98,42563466.0
1634011200000,TSLA,270.7733,265.5233,266.9767,268.5733,66058860.0
1634097600000,TSLA,271.8033,268.5933,270.1567,270.36,42360225.0
1634184000000,TSLA,273.4167,271.1167,271.83,272.7733,35894160.0
1634270400000,TSLA,281.07,274.1167,274.5795,281.01,56773701.0
1634529600000,TSLA,291.7533,283.8233,283.93,290.0367,72621732.0
1634616000000,TSLA,292.65,287.5033,292.51,288.09,52130634.0
1634702400000,TSLA,289.83,285.7933,288.45,288.6,42096156.0
1634788800000,TSLA,300.0,285.1682,285.3333,298.0,94444362.0
1634875200000,TSLA,303.3333,296.9867,298.5,303.2267,68642505.0
1635134400000,TSLA,348.34,314.7333,316.8433,341.62,188556294.0
1635220800000,TSLA,364.98,333.8133,341.5633,339.4767,187211904.0
1635307200000,TSLA,356.96,343.5933,346.5533,345.9533,115418847.0
1635393600000,TSLA,360.3333,351.4,356.1017,359.0133,81639519.0
1635480000000,TSLA,371.7367,357.735,360.62,371.3333,89736651.0
1635739200000,TSLA,403.25,372.8867,381.6667,402.8633,168128235.0
1635825600000,TSLA,402.8633,382.0,386.4517,390.6667,128135646.0
1635912000000,TSLA,405.13,384.2067,392.4433,404.62,103877037.0
1635998400000,TSLA,414.4967,405.6667,411.47,409.97,76027230.0
1636084800000,TSLA,413.29,402.6667,409.3333,407.3633,64496736.0
1636347600000,TSLA,399.0,377.6667,383.2617,387.6467,100029345.0
1636434000000,TSLA,391.5,337.1733,391.2,341.1667,177308181.0
1636520400000,TSLA,359.3667,329.1033,336.8033,355.9833,128404407.0
1636606800000,TSLA,368.3233,351.56,367.59,354.5033,67189704.0
1636693200000,TSLA,351.5,339.7333,349.1667,344.4733,76478544.0
1636952400000,TSLA,343.9933,326.2,339.21,337.7967,104326947.0
1637038800000,TSLA,352.4,334.06,334.4367,351.5767,79595877.0
1637125200000,TSLA,373.2133,351.8333,354.5033,363.0033,94336095.0
1637211600000,TSLA,370.6667,358.34,368.85,365.46,62696790.0
1637298000000,TSLA,379.5733,364.2333,366.29,379.02,64926774.0
1637557200000,TSLA,400.65,377.4767,387.4433,385.6233,99215277.0
1637643600000,TSLA,393.5,354.2333,389.17,369.6767,108515100.0
1637730000000,TSLA,377.59,354.0,360.13,372.0,67680714.0
1637902800000,TSLA,369.5942,360.3333,366.49,360.64,34863570.0
1638162000000,TSLA,380.89,366.73,366.9967,378.9967,58393401.0
1638248400000,TSLA,389.3333,372.6667,381.4567,381.5867,81276114.0
1638334800000,TSLA,390.9466,363.5867,386.8983,365.0,68804094.0
1638421200000,TSLA,371.0,352.2167,366.3533,361.5333,73114869.0
1638507600000,TSLA,363.5251,333.4033,361.5967,338.3233,92321985.0
1638766800000,TSLA,340.5467,316.8333,333.8367,336.3367,81663111.0
1638853200000,TSLA,352.558,342.27,348.0667,350.5833,56084571.0
1638939600000,TSLA,357.46,344.3334,350.9033,356.32,41906370.0
1639026000000,TSLA,354.1633,334.12,353.5467,334.6,59438496.0
1639112400000,TSLA,340.3266,327.51,336.25,339.01,59664366.0
1639371600000,TSLA,335.0,317.14,333.6967,322.1367,78595506.0
1639458000000,TSLA,322.1367,310.0,315.0,319.5033,70792767.0
1639544400000,TSLA,326.25,309.4167,317.7367,325.33,72469230.0
1639630800000,TSLA,331.66,307.2833,331.5,308.9733,82771443.0
1639717200000,TSLA,320.22,303.0134,304.9233,310.8567,100880262.0
1639976400000,TSLA,307.2295,297.7967,303.5667,299.98,56471613.0
1640062800000,TSLA,313.1667,295.3733,305.6233,312.8433,71517915.0
1640149200000,TSLA,338.5533,319.0167,321.8867,336.29,93634086.0
1640235600000,TSLA,357.6589,332.52,335.6,355.6667,92643945.0
1640581200000,TSLA,372.3333,356.9051,357.89,364.6467,70722480.0
1640667600000,TSLA,373.0,359.4733,369.83,362.8233,60323907.0
1640754000000,TSLA,368.0,354.7133,366.2133,362.0633,56154045.0
1640840400000,TSLA,365.1833,351.05,353.7767,356.78,47040939.0
1640926800000,TSLA,360.6666,351.53,357.8148,352.26,40733625.0
1641186000000,TSLA,400.3567,378.68,382.5833,399.9267,104686035.0
1641272400000,TSLA,402.6667,374.35,396.5167,383.1967,99798258.0
1641358800000,TSLA,390.1133,360.3367,382.2167,362.7067,80119797.0
1641445200000,TSLA,362.6667,340.1667,359.0,354.9,90324504.0
1641531600000,TSLA,360.31,336.6667,360.1233,342.32,83999748.0
1641790800000,TSLA,353.0333,326.6667,333.3333,352.7067,91814877.0
1641877200000,TSLA,358.6167,346.2733,351.2233,354.8,66045210.0
1641963600000,TSLA,371.6133,357.53,359.6167,368.74,83739015.0
1642050000000,TSLA,371.8667,342.1797,369.6883,343.8533,96909162.0
1642136400000,TSLA,350.6667,337.7929,339.96,349.87,72916011.0
1642482000000,TSLA,356.93,338.6867,342.2017,343.5033,66389409.0
1642568400000,TSLA,351.5566,331.6667,347.235,331.8833,75429288.0
1642654800000,TSLA,347.22,331.3333,336.5767,332.09,70488744.0
1642741200000,TSLA,334.85,313.5,332.1133,314.6333,103236027.0
1643000400000,TSLA,311.171,283.8233,301.5867,310.0,152325642.0
1643086800000,TSLA,317.0867,301.07,304.7333,306.1333,85502706.0
1643173200000,TSLA,329.23,302.0,317.4767,312.47,104867283.0
1643259600000,TSLA,311.7967,276.3333,311.12,276.3667,147106269.0
1643346000000,TSLA,285.8333,264.0033,277.1867,282.1167,134778870.0
1643605200000,TSLA,312.6633,287.35,290.9033,312.24,104253486.0
1643691600000,TSLA,314.5667,301.6667,311.7367,310.4167,73138338.0
1643778000000,TSLA,310.5,296.47,309.3933,301.8867,66791055.0
1643864400000,TSLA,312.3333,293.5067,294.0,297.0467,78855558.0
1643950800000,TSLA,312.1667,293.7233,299.0733,307.7733,73622073.0
1644210000000,TSLA,315.9233,300.903,307.93,302.4467,60244464.0
1644296400000,TSLA,308.7633,298.2667,301.8433,307.3333,50729013.0
1644382800000,TSLA,315.4233,306.6667,311.6667,310.6667,52259544.0
1644469200000,TSLA,314.6033,298.9,302.79,301.5167,66126831.0
1644555600000,TSLA,305.32,283.5667,303.21,286.6667,79640919.0
1644814800000,TSLA,299.6266,284.3833,287.19,291.92,67756416.0
1644901200000,TSLA,307.6667,297.7925,300.0,307.4767,57649542.0
1644987600000,TSLA,308.81,300.4033,304.6833,307.7967,51275046.0
1645074000000,TSLA,306.1666,291.3667,304.42,292.1167,55178418.0
1645160400000,TSLA,295.6233,279.2033,295.3333,285.66,68246841.0
1645506000000,TSLA,285.5779,267.0334,278.0433,273.8433,83199102.0
1645592400000,TSLA,278.4332,253.52,276.81,254.68,95230638.0
1645678800000,TSLA,267.4933,233.3333,233.4633,266.9233,135304215.0
1645765200000,TSLA,273.1667,260.8002,269.7433,269.9567,76018263.0
1646024400000,TSLA,292.2867,271.5692,271.67,290.1433,99006867.0
1646110800000,TSLA,296.6267,284.5933,289.8933,288.1233,74616861.0
1646197200000,TSLA,295.4933,281.424,290.71,293.2967,74640258.0
1646283600000,TSLA,295.4797,277.5334,292.9233,279.7633,61620507.0
1646370000000,TSLA,285.2167,275.0536,283.0333,279.43,67165461.0
1646629200000,TSLA,288.7133,268.19,285.4333,268.1933,72494172.0
1646715600000,TSLA,283.33,260.7233,265.1767,274.8,80369106.0
1646802000000,TSLA,286.8533,277.3367,279.8267,286.3233,59172669.0
1646888400000,TSLA,284.8167,270.12,283.8167,279.4333,58648644.0
1646974800000,TSLA,281.2673,264.59,280.0657,265.1167,67037166.0
1647230400000,TSLA,266.9,252.0133,260.2033,255.4567,71131263.0
1647316800000,TSLA,268.5233,252.19,258.4233,267.2967,66839703.0
1647403200000,TSLA,280.6667,267.42,269.6667,280.0767,84028821.0
1647489600000,TSLA,291.6667,275.2393,276.9967,290.5333,66582972.0
1647576000000,TSLA,302.6167,289.13,291.4967,301.7967,100378191.0
1647835200000,TSLA,314.2833,302.3633,304.9933,307.0533,81980352.0
1647921600000,TSLA,332.62,307.25,310.0,331.3267,105838857.0
1648008000000,TSLA,346.9,325.4667,326.6467,333.0367,120476469.0
1648094400000,TSLA,341.4967,329.6,336.5767,337.9733,68914878.0
1648180800000,TSLA,340.6,332.44,336.0,336.88,61968846.0
1648440000000,TSLA,365.96,351.2,355.0333,363.9467,102300579.0
1648526400000,TSLA,371.59,357.7033,369.33,366.5233,73601607.0
1648612800000,TSLA,371.3167,361.3333,363.7233,364.6633,59865006.0
1648699200000,TSLA,367.7133,358.8803,364.8567,359.2,48992757.0
1648785600000,TSLA,364.9167,355.5467,360.3833,361.53,54263223.0
1649044800000,TSLA,383.3033,357.51,363.1267,381.8167,82177701.0
1649131200000,TSLA,384.29,362.4333,378.7667,363.7533,79925019.0
1649217600000,TSLA,359.6667,342.5667,357.8233,348.5867,89348535.0
1649304000000,TSLA,358.8633,340.5134,350.7967,352.42,79436259.0
1649390400000,TSLA,349.48,340.8117,347.7367,341.83,54777669.0
1649649600000,TSLA,336.156,324.88,326.8,325.31,59357205.0
1649736000000,TSLA,340.3974,325.5334,332.5467,328.9833,65976096.0
1649822400000,TSLA,342.08,324.3657,327.025,340.79,55104912.0
1649908800000,TSLA,337.57,327.3967,333.0967,328.3333,58413105.0
1650254400000,TSLA,338.3067,324.47,329.6767,334.7633,51712161.0
1650340800000,TSLA,344.98,331.775,335.02,342.7167,49814232.0
1650427200000,TSLA,344.6667,325.0834,343.3333,325.7333,70604766.0
1650513600000,TSLA,364.0733,332.1383,358.2433,336.26,105409695.0
1650600000000,TSLA,344.95,331.3334,338.3033,335.0167,69680658.0
1650859200000,TSLA,336.2067,325.1,326.3233,332.6733,68341335.0
1650945600000,TSLA,333.3333,291.6667,331.81,292.14,136091667.0
1651032000000,TSLA,306.0,292.4533,299.5267,293.8367,76956396.0
1651118400000,TSLA,300.0,273.9,299.9933,292.5033,124940391.0
1651204800000,TSLA,311.4666,290.0,300.75,290.2533,88124595.0
1651464000000,TSLA,302.12,282.6767,286.9233,300.98,75781371.0
1651550400000,TSLA,308.0267,296.1967,301.06,303.0833,63709575.0
1651636800000,TSLA,318.5,295.0933,301.3133,317.54,81568704.0
1651723200000,TSLA,315.2,285.9,313.07,291.0933,92519193.0
1651809600000,TSLA,296.0,281.035,295.6667,288.55,72895911.0
1652068800000,TSLA,281.8767,260.3833,278.8167,262.37,90195672.0
1652155200000,TSLA,275.12,258.0833,273.1033,266.68,84401631.0
1652241600000,TSLA,269.9233,242.4,265.0,244.6667,96846759.0
1652328000000,TSLA,253.22,226.6667,233.6667,242.6667,140312862.0
1652414400000,TSLA,262.45,250.5217,257.8267,256.53,92000724.0
1652673600000,TSLA,256.5867,239.6962,255.72,241.4567,86094219.0
1652760000000,TSLA,254.8267,242.95,249.12,253.87,80236110.0
1652846400000,TSLA,253.5,233.6033,248.1733,236.6033,87211812.0
1652932800000,TSLA,244.6667,231.37,235.6667,236.4733,90296673.0
1653019200000,TSLA,240.5273,211.0,237.9967,221.3,144926805.0
1653278400000,TSLA,226.6517,212.6867,218.34,224.9667,88847838.0
1653364800000,TSLA,217.9733,206.8567,217.8433,209.3867,89079615.0
1653451200000,TSLA,223.1067,207.67,207.95,219.6,92139324.0
1653537600000,TSLA,239.5566,217.8867,220.4733,235.91,105103344.0
1653624000000,TSLA,253.2667,240.177,241.0833,253.21,89296227.0
1653969600000,TSLA,259.6,244.7433,257.9467,252.7533,101914371.0
1654056000000,TSLA,257.3267,243.64,251.72,246.79,77247963.0
1654142400000,TSLA,264.21,242.0667,244.1567,258.3333,93473118.0
1654228800000,TSLA,247.7966,233.4178,243.225,234.5167,112393737.0
1654488000000,TSLA,244.8667,234.35,244.3533,238.28,84204522.0
1654574400000,TSLA,239.9967,230.0933,234.0,238.8867,72790647.0
1654660800000,TSLA,249.9633,239.1767,240.0867,241.8667,76090620.0
1654747200000,TSLA,255.5466,239.3267,249.34,239.7067,96292407.0
1654833600000,TSLA,239.5,227.9133,235.1567,232.23,98060898.0
1655092800000,TSLA,226.6333,214.6833,223.1667,215.7367,102767262.0
1655179200000,TSLA,226.33,211.7367,218.2867,220.89,97979796.0
1655265600000,TSLA,235.6633,218.15,220.9167,233.0,119115135.0
1655352000000,TSLA,225.1667,208.6933,222.7367,213.1,107390670.0
1655438400000,TSLA,220.9694,213.1967,213.4333,216.76,92138970.0
1655784000000,TSLA,243.5774,224.3333,224.6033,237.0367,122792955.0
1655870400000,TSLA,246.8333,233.8267,234.5033,236.0867,101527260.0
1655956800000,TSLA,239.3167,228.6367,237.905,235.07,104202678.0
1656043200000,TSLA,246.0667,236.0867,237.4683,245.7067,94900695.0
1656302400000,TSLA,252.07,242.5655,249.3667,244.92,89178312.0
1656388800000,TSLA,249.97,232.3433,244.4833,232.6633,90661461.0
1656475200000,TSLA,231.1733,222.2733,230.5,228.49,82897254.0
1656561600000,TSLA,229.4567,218.8633,224.51,224.4733,94150452.0
1656648000000,TSLA,230.23,222.12,227.0,227.2633,74460444.0
1656993600000,TSLA,233.1467,216.1667,223.0,233.0667,84779112.0
1657080000000,TSLA,234.5633,227.1867,230.78,231.7333,71853630.0
1657166400000,TSLA,245.3617,232.21,233.92,244.5433,81930690.0
1657252800000,TSLA,254.98,241.1614,242.3333,250.7633,101854086.0
1657512000000,TSLA,253.0633,233.6267,252.1033,234.3433,99509220.0
1657598400000,TSLA,239.7733,228.3683,236.8467,233.07,87930960.0
1657684800000,TSLA,242.06,225.0333,225.5,237.04,97954497.0
1657771200000,TSLA,238.6533,229.3333,234.8967,238.3133,78549072.0
1657857600000,TSLA,243.6233,236.89,240.0,240.0667,69678159.0
1658116800000,TSLA,250.5167,239.6033,244.9367,240.5467,82526109.0
1658203200000,TSLA,247.14,236.9767,245.0,245.53,80890110.0
1658289600000,TSLA,250.6633,243.483,246.7833,247.5,88564089.0
1658376000000,TSLA,273.2667,254.8667,255.1067,271.7067,141966552.0
1658462400000,TSLA,280.7867,270.7133,276.22,272.2433,103462317.0
1658721600000,TSLA,274.1467,267.4,272.2167,268.4333,64073505.0
1658808000000,TSLA,267.31,256.2633,266.5133,258.86,66820758.0
1658894400000,TSLA,275.9256,261.79,263.81,274.82,88109988.0
1658980800000,TSLA,283.3,272.8,280.0667,280.9,84722991.0
1659067200000,TSLA,298.32,279.1,280.7,297.15,95312883.0
1659326400000,TSLA,311.8782,295.0,301.275,297.2767,117042888.0
1659412800000,TSLA,307.8333,292.6667,294.0033,300.5867,95577468.0
1659499200000,TSLA,309.55,301.15,305.0,307.3967,79630905.0
1659585600000,TSLA,313.6067,305.0,311.0,308.6333,72189717.0
1659672000000,TSLA,304.6066,285.5447,302.67,288.17,113154780.0
1659931200000,TSLA,305.2,289.0854,295.0,290.4233,99365274.0
1660017600000,TSLA,292.3967,279.3533,290.2933,283.3333,86244681.0
1660104000000,TSLA,297.51,283.37,297.0667,294.3567,94903572.0
1660190400000,TSLA,298.2367,285.8333,296.5133,286.63,70155045.0
1660276800000,TSLA,300.16,285.0333,289.415,300.03,79657287.0
1660536000000,TSLA,313.1333,301.23,301.7867,309.32,89359167.0
1660622400000,TSLA,314.6667,302.8833,311.6667,306.5633,88071762.0
1660708800000,TSLA,309.6567,300.0333,303.3967,303.9967,68765970.0
1660795200000,TSLA,306.5,301.8533,306.0,302.87,47500536.0
1660881600000,TSLA,300.36,292.5,299.0,296.6667,61395387.0
1661140800000,TSLA,292.4,286.2967,291.9133,289.9133,55843347.0
1661227200000,TSLA,298.8266,287.9233,291.4533,296.4533,63985044.0
1661313600000,TSLA,303.6467,296.5,297.5633,297.0967,57254676.0
1661400000000,TSLA,302.96,291.6,302.36,296.07,53208413.0
1661486400000,TSLA,302.0,287.47,297.43,288.09,57111447.0
1661745600000,TSLA,287.74,280.7,282.83,284.82,41847822.0
1661832000000,TSLA,288.48,272.65,287.865,277.7,50539284.0
1661918400000,TSLA,281.25,271.81,280.62,275.61,52107337.0
1662004800000,TSLA,277.58,266.15,272.575,277.16,54282224.0
1662091200000,TSLA,282.35,269.08,281.065,270.21,50890090.0
1662436800000,TSLA,275.99,265.74,272.675,274.42,55847384.0
1662523200000,TSLA,283.84,272.27,273.1,283.7,50013916.0
1662609600000,TSLA,289.5,279.76,281.3,289.26,53713124.0
1662696000000,TSLA,299.85,291.245,291.67,299.68,54470854.0
1662955200000,TSLA,305.49,300.4,300.72,304.42,48674604.0
1663041600000,TSLA,297.3999,290.4,292.9,292.13,68229619.0
1663128000000,TSLA,306.0,291.64,292.24,302.61,72628653.0
1663214400000,TSLA,309.12,300.7247,301.825,303.75,64771523.0
1663300800000,TSLA,303.71,295.6005,299.605,303.35,87034286.0
1663560000000,TSLA,309.84,297.8,300.09,309.07,60231156.0
1663646400000,TSLA,313.33,305.58,306.91,308.73,61595783.0
1663732800000,TSLA,313.8,300.63,308.29,300.8,62498656.0
1663819200000,TSLA,301.29,285.82,299.86,288.59,70531910.0
1663905600000,TSLA,284.5,272.82,283.09,275.33,63702162.0
1664164800000,TSLA,284.09,270.31,271.83,276.01,57846913.0
1664251200000,TSLA,288.67,277.51,283.84,282.94,61925185.0
1664337600000,TSLA,289.0,277.57,283.08,287.81,54642017.0
1664424000000,TSLA,283.65,265.78,282.76,268.21,77613142.0
1664510400000,TSLA,275.57,262.47,266.145,265.25,67684990.0
1664769600000,TSLA,255.16,241.01,254.5,242.4,98363541.0
1664856000000,TSLA,257.5,242.01,250.52,249.44,109128535.0
1664942400000,TSLA,246.6697,233.27,245.01,240.81,86982673.0
1665028800000,TSLA,244.58,235.35,239.44,238.13,69298437.0
1665115200000,TSLA,234.5715,222.02,233.935,223.07,83916800.0
1665374400000,TSLA,226.99,218.3582,223.93,222.96,67918618.0
1665460800000,TSLA,225.75,215.0,220.945,216.5,77013202.0
1665547200000,TSLA,219.2999,211.51,215.33,217.24,66714949.0
1665633600000,TSLA,222.99,206.22,208.3,221.72,91461445.0
1665720000000,TSLA,226.26,204.16,224.01,204.99,93934561.0
1665979200000,TSLA,221.86,209.45,210.04,219.35,79428810.0
1666065600000,TSLA,229.82,217.25,229.5,220.19,75890225.0
1666152000000,TSLA,222.93,217.78,219.8,222.04,65468379.0
1666238400000,TSLA,215.55,202.0,208.28,207.28,117759436.0
1666324800000,TSLA,214.66,203.8,206.415,214.44,75513754.0
1666584000000,TSLA,213.5,198.5863,205.82,211.25,100035871.0
1666670400000,TSLA,224.3498,210.0,210.1,222.415,96507870.0
1666756800000,TSLA,230.6,218.2,219.4,224.64,85327078.0
1666843200000,TSLA,233.81,222.85,229.77,225.09,61632874.0
1666929600000,TSLA,228.86,216.35,225.4,228.52,69152386.0
